{
  "youthPolicy": [
    {
      "bizId": "POLICY001",
      "polyBizSjnm": "청년 월세 한시 지원",
      "cnsgNmor": "서울특별시",
      "plcyTpNm": "주거",
      "rqutPrdCn": "2025-01-01 ~ 2025-12-31",
      "rqutUrla": "https://apply.seoul.go.kr",
      "sporCn": "월 최대 20만원, 최대 12개월",
      "ageMin": 19,
      "ageMax": 34,
      "region": [
        "서울"
      ]
    },
    {
      "bizId": "POLICY002",
      "polyBizSjnm": "대학생 등록금 무이자 대출",
      "cnsgNmor": "교육부",
      "plcyTpNm": "교육",
      "rqutPrdCn": "수시",
      "rqutUrla": "https://moe.go.kr",
      "sporCn": "등록금 전액 무이자 대출",
      "ageMin": 19,
      "ageMax": 29,
      "region": [
        "전국"
      ]
    },
    {
      "bizId": "POLICY003",
      "polyBizSjnm": "청년 창업 초기자금 지원",
      "cnsgNmor": "중소벤처기업부",
      "plcyTpNm": "창업·기업",
      "rqutPrdCn": "2025-03-01 ~ 2025-09-30",
      "rqutUrla": "https://smb.gov.kr",
      "sporCn": "최대 5000만원, 멘토링 제공",
      "ageMin": 19,
      "ageMax": 39,
      "region": [
        "전국"
      ]
    },
    {
      "bizId": "POLICY004",
      "polyBizSjnm": "청년 내일저축 금융교육",
      "cnsgNmor": "금융위원회",
      "plcyTpNm": "금융",
      "rqutPrdCn": "상시",
      "rqutUrla": "https://fsc.go.kr",
      "sporCn": "온라인 금융 교육 수강권",
      "ageMin": 19,
      "ageMax": 39,
      "region": [
        "전국"
      ]
    }
  ]
}